target	condition	reversal_pearson	pearson_p	reversal_spearman	n
RICTOR	Rest	0.1532257583507529	6.69136404970531e-58	0.1099490915512777	10832.0
RICTOR	Stim8hr	0.0915903455677543	1.2793150962839752e-21	0.0482484681749323	10832.0
RICTOR	Stim48hr	0.0422038033357286	1.113394140494245e-05	0.0090980821516752	10832.0
